0_001.jpg,*
0_002.jpg,F
0_003.jpg,F
0_004.jpg,*
0_005.jpg,J
0_006.jpg,J
0_007.jpg,J
0_008.jpg,J
0_009.jpg,J
0_010.jpg,J
0_011.jpg,*
0_012.jpg,6
0_013.jpg,6
0_014.jpg,6
0_015.jpg,R
0_016.jpg,X
0_017.jpg,*
0_018.jpg,F
0_019.jpg,F
0_020.jpg,*
0_021.jpg,*
0_022.jpg,J
0_023.jpg,3
0_024.jpg,3
0_025.jpg,3
0_026.jpg,R
0_027.jpg,*
0_028.jpg,D
0_029.jpg,9
0_030.jpg,9
0_031.jpg,D
0_032.jpg,*
0_033.jpg,U
0_034.jpg,D
0_035.jpg,R
0_036.jpg,*
0_037.jpg,*
0_038.jpg,*
0_039.jpg,5
0_040.jpg,F
0_041.jpg,L
0_042.jpg,L
0_043.jpg,*
0_044.jpg,T
